rider_slug,rank,pcs_points
laurent-jalabert,1,4863
miguel-indurain,2,2764
alex-zulle,3,2405
tony-rominger,4,2303
claudio-chiappucci,5,2176
johan-museeuw,6,1930
francesco-casagrande,7,1887
abraham-olano-manzano,8,1782
richard-virenque,9,1685
maurizio-fondriest,10,1663
andrei-tchmil,11,1609
mauro-gianetti,12,1423
evgeni-berzin,13,1363
viatcheslav-ekimov,14,1259
rolf-sorensen,15,1259
michele-bartoli,16,1249
nicola-minali,17,1201
francesco-frattini,18,1193
fernando-escartin,19,1193
mario-cipollini,20,1193
pascal-richard,21,1185
davide-rebellin,22,1160
lance-armstrong,23,1114
erik-zabel,24,1097
melchor-mauri,25,1096
beat-zberg,26,1089
fabio-baldato,27,1043
stefano-zanini,28,1012
adriano-baffi,29,1005
maximilian-sciandri,30,994
bjarne-riis,31,987
stefano-colage,32,927
giovanni-lombardi,33,919
pavel-tonkov,34,911
marco-pantani,35,899
piotr-ugrumov,36,892
gianni-bugno,37,889
johan-bruyneel,38,884
ivan-gotti,39,844
vladislav-bobrik,40,836
bruno-cenghialta,41,816
stefano-della-santa,42,807
laurent-madouas,43,801
wilfried-nelissen,44,800
dmitri-konychev,45,786
enrico-zaina,46,780
davide-cassani,47,756
erik-breukink,48,756
oliverio-rincon-quintana,49,748
jelle-nijdam,50,731
gianni-faresin,51,725
djamolidine-abduzhaparov,52,717
paolo-lanfranchi,53,716
zenon-jaskula,54,676
jesper-skibby,55,644
jo-planckaert,56,625
rolf-jaermann,57,622
roberto-pistore,58,614
christopher-boardman,59,605
mariano-piccoli,60,601
bo-hamburger,61,596
laurent-dufaux,62,596
francois-simon,63,593
jan-svorada-1,64,579
franco-ballerini,65,575
giovanni-fidanza,66,571
frank-vandenbroucke,67,570
massimo-podenzana,68,565
leonardo-piepoli,69,563
jean-cyril-robin,70,560
thierry-marie,71,558
alberto-elli,72,557
andrea-tafi,73,554
heinz-imboden,74,554
serhiy-ushakov,75,550
maarten-den-bakker,76,548
johan-capiot,77,544
andrea-peron-1,78,523
asiat-saitov,79,523
aitor-garmendia,80,516
marcel-wust,81,499
hernan-buenahora,82,497
felice-puttini,83,480
gianluca-bortolami,84,474
alvaro-mejia,85,473
jeroen-blijlevens,86,472
tom-steels,87,469
edwig-van-hooydonck,88,468
frederic-moncassin,89,461
orlando-sergio-rodrigues,90,457
lars-michaelsen,91,457
erik-dekker,92,454
fabrizio-bontempi,93,454
michele-coppolillo,94,452
jens-heppner,95,448
giorgio-furlan,96,448
jose-maria-jimenez,97,442
hendrik-redant,98,439
jesus-montoya,99,438
andrea-ferrigato,100,433
laurent-jalabert,1,2672
abraham-olano-manzano,2,2303
tony-rominger,3,2232
richard-virenque,4,2194
alex-zulle,5,2170
michele-bartoli,6,2030
johan-museeuw,7,1920
mauro-gianetti,8,1858
andrea-tafi,9,1794
lance-armstrong,10,1791
fabio-baldato,11,1784
christopher-boardman,12,1783
bjarne-riis,13,1762
miguel-indurain,14,1704
laurent-dufaux,15,1622
davide-rebellin,16,1612
fabrizio-guidi,17,1612
francesco-casagrande,18,1572
laurent-brochard,19,1535
andrei-tchmil,20,1482
alexander-gontsjenkov,21,1406
erik-zabel,22,1368
frank-vandenbroucke,23,1358
rolf-sorensen,24,1330
evgeni-berzin,25,1313
luc-leblanc,26,1304
andrea-ferrigato,27,1271
tom-steels,28,1248
giovanni-lombardi,29,1233
pascal-richard,30,1114
viatcheslav-ekimov,31,1113
mario-cipollini,32,1069
jan-ullrich,33,1067
stefano-zanini,34,1054
frederic-moncassin,35,1037
fernando-escartin,36,1015
marco-fincato,37,1012
daniele-nardello,38,997
gabriele-colombo,39,975
alberto-elli,40,970
piotr-ugrumov,41,970
udo-bolts,42,963
maurizio-fondriest,43,952
andrea-peron-1,44,949
nicola-minali,45,926
enrico-zaina,46,883
pascal-herve,47,867
jan-svorada-1,48,864
gianni-faresin,49,834
beat-zberg,50,833
pavel-tonkov,51,832
gianni-bugno,52,788
peter-luttenberger,53,780
jeroen-blijlevens,54,774
maximilian-sciandri,55,761
patrick-jonker,56,757
stephane-heulot,57,734
olaf-ludwig,58,731
stefano-faustini,59,724
bo-hamburger,60,717
djamolidine-abduzhaparov,61,714
fabiano-fontanelli,62,714
axel-merckx,63,706
michele-coppolillo,64,642
pascal-chanteur,65,640
melchor-mauri,66,635
inigo-cuesta,67,628
adriano-baffi,68,620
filippo-casagrande,69,613
johan-capiot,70,613
fabio-roscioli,71,607
claudio-chiappucci,72,603
laurent-madouas,73,600
giuseppe-guerini,74,555
massimo-podenzana,75,553
massimo-podenzana,75,553
fabian-jeker,76,551
dmitri-konychev,77,547
tristan-hoffman,78,540
peter-van-petegem,79,536
rodolfo-massi,80,522
stefano-cattai,81,511
wilfried-peeters,82,509
wladimir-belli,83,507
gianluca-pianegonda,84,496
philippe-gaumont,85,494
angel-edo,86,484
marcel-wust,87,479
roberto-pistore,88,476
franco-ballerini,89,474
jose-maria-jimenez,90,473
didier-rous,91,468
jesper-skibby,92,455
gianluca-bortolami,93,449
wilfried-nelissen,94,446
mauro-bettin,95,441
jens-heppner,96,439
bruno-boscardin,97,436
massimiliano-lelli,98,433
manuel-fernandez-gines,99,430
laurent-jalabert,1,3460
jan-ullrich,2,1920
erik-zabel,3,1821
richard-virenque,4,1790
francesco-casagrande,5,1779
michele-bartoli,6,1726
beat-zberg,7,1716
alex-zulle,8,1677
abraham-olano-manzano,9,1622
fernando-escartin,10,1605
laurent-dufaux,11,1574
andrei-tchmil,12,1570
pavel-tonkov,13,1427
marco-pantani,14,1413
johan-museeuw,15,1384
davide-rebellin,16,1265
andrea-tafi,17,1258
viatcheslav-ekimov,18,1211
mario-cipollini,19,1178
jan-svorada-1,20,1150
christopher-boardman,21,1108
jose-maria-jimenez,22,1085
oscar-camenzind,23,1048
udo-bolts,24,1040
bjarne-riis,25,1027
frederic-moncassin,26,1021
roberto-petito,27,944
laurent-brochard,28,943
rolf-sorensen,29,916
alberto-elli,30,886
gianluca-bortolami,31,877
mikel-zarrabeitia,32,856
daniel-clavero,33,855
serhiy-honchar,34,852
leon-van-bon,35,801
jeroen-blijlevens,36,795
peter-van-petegem,37,770
laurent-roux,38,769
maximilian-sciandri,39,766
frank-vandenbroucke,40,761
andrea-noe,41,755
biagio-conte,42,750
jaan-kirsipuu,43,735
tom-steels,44,733
marcel-wust,45,730
jo-planckaert,46,725
mauro-gianetti,47,725
henk-vogels,48,720
melchor-mauri,49,716
ivan-gotti,50,714
davide-casarotto,51,705
bo-hamburger,52,700
claudio-chiappucci,53,687
alexander-gontsjenkov,54,687
juan-carlos-dominguez,55,683
andrea-ferrigato,56,682
michael-boogerd,57,670
christian-henn,58,668
daniele-nardello,59,666
mariano-piccoli,60,655
luc-leblanc,61,653
nicola-minali,62,622
fabrizio-guidi,63,617
stephane-heulot,64,611
cedric-vasseur,65,600
wladimir-belli,66,596
erik-dekker,67,592
felix-manuel-garcia-casas,68,588
aitor-garmendia,69,577
glenn-magnusson,70,571
alessandro-baronti,71,564
mario-traversoni,72,556
roberto-heras,73,551
marcos-antonio-serrano,74,542
giuseppe-di-grande,75,539
david-etxebarria,76,537
christophe-moreau,77,536
jean-cyril-robin,78,535
giuseppe-guerini,79,535
frederic-guesdon,80,534
pascal-herve,81,533
lauri-aus,82,531
angel-luis-casero,83,530
paolo-lanfranchi,84,525
fabio-baldato,85,515
robbie-mcewen,86,507
pascal-chanteur,87,505
sergio-barbero,88,501
philippe-gaumont,89,498
alessandro-bertolini,90,497
serhiy-ushakov,91,494
evgeni-berzin,92,493
luca-scinto,93,489
candido-barbosa,94,484
santiago-blanco,95,483
lars-michaelsen,96,482
bobby-julich,97,479
manuel-beltran,98,478
francois-simon,99,478
dmitri-konychev,100,477
michele-bartoli,1,2500
laurent-jalabert,2,2410
marco-pantani,3,2218
abraham-olano-manzano,4,1916
michael-boogerd,5,1620
erik-zabel,6,1605
frank-vandenbroucke,7,1582
alex-zulle,8,1558
davide-rebellin,9,1494
oscar-camenzind,10,1399
andrei-tchmil,11,1310
andrea-tafi,12,1308
jan-ullrich,13,1247
bo-hamburger,14,1216
bobby-julich,15,1206
francesco-casagrande,16,1198
emmanuel-magnien,17,1190
mirko-celestino,18,1142
peter-van-petegem,19,1126
jaan-kirsipuu,20,1110
jose-maria-jimenez,21,1105
fernando-escartin,22,1102
alberto-elli,23,1094
mario-cipollini,24,1078
daniele-nardello,25,1013
leon-van-bon,26,1000
laurent-dufaux,27,997
rodolfo-massi,28,962
marco-serpellini,29,951
roberto-heras,30,942
markus-zberg,31,916
markus-zberg,31,916
leonardo-piepoli,32,915
jeroen-blijlevens,33,913
beat-zberg,34,884
tom-steels,35,874
stefano-zanini,36,871
roland-meier,37,859
rolf-sorensen,38,842
stuart-o-grady,39,815
christophe-rinero,40,815
fabrizio-guidi,41,811
viatcheslav-ekimov,42,801
marco-velo,43,795
jacky-durand,44,771
pavel-tonkov,45,766
wladimir-belli,46,759
melchor-mauri,47,750
serhiy-honchar,48,746
richard-virenque,49,745
rolf-jaermann,50,744
franco-ballerini,51,740
massimo-donati,52,734
maarten-den-bakker,53,729
axel-merckx,54,727
paolo-bettini,55,726
stefano-garzelli,56,721
jan-svorada-1,57,715
lance-armstrong,58,710
fabio-baldato,59,705
nicola-minali,60,686
udo-bolts,61,672
ludo-dierckxsens,62,652
mariano-piccoli,63,650
jean-cyril-robin,64,645
paolo-savoldelli,65,629
frederic-moncassin,66,611
alexandre-vinokourov,67,607
andrei-teteriouk,68,598
jens-voigt,69,591
andrei-zintchenko,70,583
luc-leblanc,71,582
dariusz-baranowski,72,576
gianni-faresin,73,575
pascal-chanteur,74,572
daniel-clavero,75,565
robbie-mcewen,76,561
aitor-garmendia,77,560
niki-aebersold,78,553
niki-aebersold,78,553
stephane-heulot,79,551
serguei-smetanine,80,550
pascal-herve,81,548
sergei-ivanov,82,540
johan-museeuw,83,536
giuseppe-guerini,84,534
lauri-aus,85,533
marc-streel,86,532
marcel-wust,87,531
servais-knaven,88,529
wilfried-peeters,89,527
felice-puttini,90,523
angel-edo,91,521
mikel-zarrabeitia,92,517
inigo-cuesta,93,514
massimo-podenzana,94,507
jo-planckaert,95,499
kurt-van-de-wouwer,96,492
dario-frigo,97,491
george-hincapie,98,488
laurent-jalabert,1,2354
frank-vandenbroucke,2,1895
erik-zabel,3,1800
davide-rebellin,4,1747
michael-boogerd,5,1740
markus-zberg,6,1507
andrei-tchmil,7,1469
francesco-casagrande,8,1449
wladimir-belli,9,1419
roberto-heras,10,1309
oscar-camenzind,11,1298
jaan-kirsipuu,12,1298
mario-cipollini,13,1282
alexandre-vinokourov,14,1222
tom-steels,15,1213
jeroen-blijlevens,16,1189
jan-ullrich,17,1154
alex-zulle,18,1141
abraham-olano-manzano,19,1117
romans-vainsteins,20,1113
mirko-celestino,21,1055
paolo-savoldelli,22,1041
jens-voigt,23,1036
paolo-bettini,24,1032
michele-bartoli,25,1005
laurent-dufaux,26,1001
igor-gonzalez-de-galdeano,27,993
marc-wauters,28,985
jose-maria-jimenez,29,965
sergio-barbero,30,960
george-hincapie,31,955
fernando-escartin,32,950
david-etxebarria,33,935
erik-dekker,34,934
gilberto-simoni,35,926
beat-zberg,36,914
peter-van-petegem,37,909
manuel-beltran,38,872
marco-pantani,39,871
daniele-nardello,40,867
stuart-o-grady,41,861
stephane-heulot,42,848
giuliano-figueras,43,845
johan-museeuw,44,841
richard-virenque,45,836
angel-luis-casero,46,833
dmitri-konychev,47,823
maarten-den-bakker,48,809
serhiy-honchar,49,808
melchor-mauri,50,798
lars-michaelsen,51,797
marco-velo,52,757
fabrizio-guidi,53,749
ivan-gotti,54,746
andrea-tafi,55,729
jean-cyril-robin,56,718
marco-serpellini,57,710
pavel-tonkov,58,684
leonardo-piepoli,59,683
robbie-mcewen,60,678
marc-streel,61,674
jo-planckaert,62,671
christophe-moreau,63,661
alberto-elli,64,656
gabriele-missaglia,65,649
tristan-hoffman,66,648
roberto-laiseka-jaio,67,638
mario-aerts,68,638
leon-van-bon,69,637
christopher-boardman,70,627
zbigniew-spruch,71,614
stefano-garzelli,72,610
wilfried-peeters,73,594
sergei-ivanov,74,591
francois-simon,75,589
roberto-sgambelluri,76,562
andrei-zintchenko,77,561
tyler-hamilton,78,559
gianni-faresin,79,558
massimo-donati,80,551
niki-aebersold,81,549
giovanni-lombardi,82,548
jonathan-vaughters,83,546
mikel-zarrabeitia,84,541
paolo-lanfranchi,85,534
juan-carlos-dominguez,86,531
michel-vanhaecke,87,527
lauri-aus,88,523
marcel-wust,89,523
geert-verheyen,90,509
miguel-angel-martin-perdiguero,91,508
benoit-salmon,92,505
unai-osa,93,505
danilo-di-luca,94,500
nicolaj-bo-larsen,95,489
udo-bolts,96,468
georg-totschnig,97,467
rolf-sorensen,98,464
kurt-van-de-wouwer,99,461
jose-alberto-martinez,100,449
erik-zabel,1,2329
francesco-casagrande,2,2045
romans-vainsteins,3,2027
jan-ullrich,4,1803
roberto-heras,5,1648
davide-rebellin,6,1520
laurent-jalabert,7,1510
oscar-freire,8,1399
andrei-tchmil,9,1332
paolo-bettini,10,1269
wladimir-belli,11,1267
andreas-kloden,12,1212
abraham-olano-manzano,13,1211
erik-dekker,14,1163
michele-bartoli,15,1084
gilberto-simoni,16,1078
stefano-garzelli,17,1070
alexandre-vinokourov,18,1042
joseba-beloki,19,1030
daniele-nardello,20,1024
christophe-moreau,21,1006
dario-frigo,22,1000
peter-van-petegem,23,979
fernando-escartin,24,974
jose-luis-rubiera,25,965
laurent-brochard,26,944
raimondas-rumsas-1,27,926
jens-voigt,28,923
pavel-tonkov,29,891
axel-merckx,30,878
francisco-mancebo,31,873
jaan-kirsipuu,32,846
leonardo-piepoli,33,826
richard-virenque,34,823
oscar-sevilla,35,811
markus-zberg,36,801
michael-boogerd,37,792
haimar-zubeldia,38,789
laurent-dufaux,39,785
tyler-hamilton,40,782
alessandro-petacchi,41,779
oscar-camenzind,42,773
patrice-halgand,43,771
niko-eeckhout,44,767
pascal-herve,45,764
gabriele-missaglia,46,755
viatcheslav-ekimov,47,748
fred-rodriguez,48,743
dmitri-konychev,49,742
zbigniew-spruch,50,740
marc-wauters,51,729
david-etxebarria,52,728
serhiy-honchar,53,719
lance-armstrong,54,716
jose-maria-jimenez,55,709
jan-hruska,56,706
danilo-di-luca,57,698
nico-mattan,58,696
tristan-hoffman,59,690
jo-planckaert,60,689
johan-museeuw,61,671
chris-peers,62,663
paolo-savoldelli,63,660
santiago-botero,64,660
steffen-wesemann,65,657
dave-bruylandts,66,654
dave-bruylandts,66,654
sergei-ivanov,67,647
gorazd-stangelj,68,642
santiago-blanco,69,640
fabrizio-guidi,70,639
rik-verbrugghe,71,622
giovanni-lombardi,72,622
andrea-noe,73,621
alex-zulle,74,618
sergio-barbero,75,613
marco-serpellini,76,601
miguel-angel-martin-perdiguero,77,579
lars-michaelsen,78,575
servais-knaven,79,570
marcel-wust,80,567
juan-carlos-dominguez,81,566
max-van-heeswijk,82,559
martin-rittsel,83,558
jans-koerts,84,557
marco-zanotti-1,85,557
piotr-wadecki,86,553
santos-gonzalez,87,553
angel-luis-casero,88,550
fabio-baldato,89,544
leon-van-bon,90,541
manuel-beltran,91,536
peter-farazijn,92,531
andrei-kivilev,93,531
steven-de-jongh,94,527
david-canada,95,522
stuart-o-grady,96,519
mario-cipollini,97,509
bo-hamburger,98,508
carlos-sastre,99,501
erik-zabel,1,2323
davide-rebellin,2,1995
erik-dekker,3,1834
jan-ullrich,4,1776
michael-boogerd,5,1657
joseba-beloki,6,1478
gilberto-simoni,7,1463
paolo-bettini,8,1448
oscar-sevilla,9,1407
francesco-casagrande,10,1383
dario-frigo,11,1214
jaan-kirsipuu,12,1148
romans-vainsteins,13,1147
jens-voigt,14,1119
laurent-jalabert,15,1115
nico-mattan,16,1112
david-millar,17,1091
igor-gonzalez-de-galdeano,18,1063
raimondas-rumsas-1,19,1008
stuart-o-grady,20,983
wladimir-belli,21,970
santiago-botero,22,967
alexandre-vinokourov,23,961
christophe-moreau,24,958
giuliano-figueras,25,953
beat-zberg,26,936
niko-eeckhout,27,932
didier-rous,28,907
danilo-hondo,29,902
oscar-camenzind,30,886
george-hincapie,31,863
mario-cipollini,32,860
david-etxebarria,33,847
florent-brard,34,846
andrei-kivilev,35,843
juan-carlos-dominguez,36,841
michele-bartoli,37,834
danilo-di-luca,38,829
laurent-brochard,39,811
serge-baguet,40,810
gianni-faresin,41,793
marcos-antonio-serrano,42,785
rik-verbrugghe,43,785
juan-miguel-mercado,44,772
david-moncoutie,45,772
patrice-halgand,46,761
serhiy-honchar,47,759
levi-leipheimer,48,756
daniele-nardello,49,731
gianluca-bortolami,50,730
mario-aerts,51,723
oscar-freire,52,722
andrej-hauptman,53,715
chris-peers,54,714
stefano-garzelli,55,701
jose-bento-carvalho-de-azevedo,56,684
david-plaza-romero,57,677
markus-zberg,58,671
servais-knaven,59,669
roberto-heras,60,669
jose-maria-jimenez,61,665
lance-armstrong,62,656
peter-van-petegem,63,648
fernando-escartin,64,639
andrei-tchmil,65,635
felix-manuel-garcia-casas,66,614
angel-luis-casero,67,611
sven-teutenberg,68,602
iban-mayo,69,601
mirko-celestino,70,601
endrio-leoni,71,596
benoit-salmon,72,595
arvis-piziks,73,595
dmitri-konychev,74,580
manuel-beltran,75,575
eddy-mazzoleni,76,574
damien-nazon,77,572
aitor-gonzalez-jimenez,78,569
jose-luis-rubiera,79,562
paolo-savoldelli,80,556
francisco-mancebo,81,549
jorg-jaksche,82,542
paolo-lanfranchi,83,537
leon-van-bon,84,535
roberto-laiseka-jaio,85,531
thor-hushovd,86,527
unai-osa,87,522
laszlo-bodrogi,88,518
jakob-piil,89,513
stephane-heulot,90,511
bobby-julich,91,510
cadel-evans,92,510
scott-sunderland,93,507
massimo-donati,94,500
jan-svorada-1,95,497
paul-van-hyfte,96,492
bart-voskamp,97,489
richard-virenque,98,487
abraham-olano-manzano,99,487
bradley-mcgee,100,487
robbie-mcewen,1,2221.0
erik-zabel,2,2213.0
mario-cipollini,3,1939.0
paolo-bettini,4,1771.0
dario-frigo,5,1644.0
joseba-beloki,6,1479.6
aitor-gonzalez-jimenez,7,1473.0
davide-rebellin,8,1466.0
francesco-casagrande,9,1457.0
roberto-heras,10,1282.9
michael-boogerd,11,1267.0
santiago-botero,12,1259.0
michele-bartoli,13,1243.0
laurent-jalabert,14,1228.3
danilo-di-luca,15,1210.0
baden-cooke,16,1196.0
alex-zulle,17,1055.0
alessandro-petacchi,18,1028.0
johan-museeuw,19,1004.0
oscar-freire,20,981.5
laurent-brochard,21,981.0
peter-van-petegem,22,949.0
lance-armstrong,23,945.0
ivan-basso,24,922.2
igor-gonzalez-de-galdeano,25,910.6
raimondas-rumsas-1,26,906.5
erik-dekker,27,898.0
francisco-mancebo,28,867.0
cadel-evans,29,865.0
jo-planckaert,30,827.0
mario-aerts,31,822.0
laszlo-bodrogi,32,768.5
david-etxebarria,33,760.0
paolo-savoldelli,34,759.0
olaf-pollack,35,751.0
andrei-kivilev,36,749.1
igor-astarloa-ascasibar,37,736.0
gianluca-bortolami,38,735.0
alexandre-vinokourov,39,729.0
tyler-hamilton,40,720.3
mikel-zarrabeitia,41,719.0
george-hincapie,42,704.9
oscar-sevilla,43,704.0
jaan-kirsipuu,44,697.0
aitor-osa,45,695.0
fabio-sacchi,46,687.0
fred-rodriguez,47,686.0
jose-bento-carvalho-de-azevedo,48,671.6
david-moncoutie,49,659.1
oscar-camenzind,50,654.0
kurt-asle-arvesen,51,652.0
michael-rich,52,652.0
felix-manuel-garcia-casas,53,644.0
laurent-dufaux,54,639.0
richard-virenque,55,628.0
bart-voskamp,56,626.0
fabian-cancellara,57,613.0
sergei-ivanov,58,610.2
franco-pellizotti,59,595.0
uwe-peschel,60,593.0
aitor-garmendia,61,585.0
steven-de-jongh,62,578.0
daniele-nardello,63,578.0
tom-boonen,64,571.5
stuart-o-grady,65,569.0
rik-verbrugghe,66,567.0
marcus-ljungqvist,67,565.0
rudi-kemna,68,564.0
gilberto-simoni,69,562.0
andrej-hauptman,70,559.0
fabiano-fontanelli,71,555.0
carlos-sastre,72,554.3
markus-zberg,73,554.0
patrice-halgand,74,554.0
guido-trentin,75,553.0
robert-hunter,76,546.0
jakob-piil,77,543.3
mirko-celestino,78,543.0
fernando-escartin,79,539.0
leonardo-piepoli,80,538.0
christophe-moreau,81,524.0
jan-svorada-1,82,523.5
andrea-tafi,83,522.5
marco-serpellini,84,522.5
haimar-zubeldia,85,522.0
pietro-caucchioli,86,512.0
rene-haselbacher,87,503.0
massimo-strazzer,88,503.0
giovanni-lombardi,89,502.0
bradley-mcgee,90,501.0
sylvain-chavanel,91,494.0
didier-rous,92,489.0
michael-rogers,93,488.0
massimiliano-gentili,94,487.0
manuel-beltran,95,483.0
david-millar,96,481.1
serhiy-honchar,97,480.2
thor-hushovd,98,479.0
jens-voigt,99,477.0
stefano-garzelli,100,476.0
erik-zabel,1,2145
alessandro-petacchi,2,2103
paolo-bettini,3,1875
alexandre-vinokourov,4,1798
alejandro-valverde,5,1655
iban-mayo,6,1650
tyler-hamilton,7,1586
davide-rebellin,8,1464
gilberto-simoni,9,1435
jan-ullrich,10,1341
dario-frigo,11,1326
francesco-casagrande,12,1272
danilo-di-luca,13,1253
francisco-mancebo,14,1203
michael-boogerd,15,1150
mirko-celestino,16,1119
baden-cooke,17,1110
robbie-mcewen,18,1083
luca-paolini,19,989
david-millar,20,978
igor-astarloa-ascasibar,21,972
jaan-kirsipuu,22,968
peter-van-petegem,23,944
michael-rogers,24,944
oscar-freire,25,943
michele-bartoli,26,937
laurent-brochard,27,935
ivan-basso,28,893
roberto-heras,29,883
stefano-garzelli,30,871
cedric-vasseur,31,857
christophe-moreau,32,842
stuart-o-grady,33,835
isidro-nozal-vega,34,805
serhiy-honchar,35,796
andrea-noe,36,793
felix-rafael-cardenas,37,784
haimar-zubeldia,38,782
viatcheslav-ekimov,39,758
sylvain-chavanel,40,755
dave-bruylandts,41,749
julian-dean,42,738
laurent-dufaux,43,726
yaroslav-popovych,44,722
filippo-pozzato,45,719
angel-vicioso,46,687
leonardo-piepoli,47,685
daniele-nardello,48,676
oscar-pereiro,49,658
gerben-lowik,50,658
michael-rich,51,656
jens-voigt,52,652
fabio-baldato,53,647
carlos-sastre,54,638
markus-zberg,55,630
michael-rasmussen,56,622
andy-flickinger,57,620
david-moncoutie,58,619
kim-kirchen,59,618
juan-antonio-flecha,60,617
fred-rodriguez,61,617
fabian-jeker,62,606
georg-totschnig,63,605
claus-michael-moller,64,599
manuel-beltran,65,598
patrik-sinkewitz,66,594
richard-virenque,67,594
samuel-sanchez,68,590
antonio-jose-pecharroman-fabian,69,586
angel-edo,70,585
bradley-mcgee,71,585
michele-scarponi,72,575
miguel-angel-martin-perdiguero,73,572
fabian-wegmann,74,568
tom-boonen,75,561
ivan-gutierrez,76,560
martin-elmiger,77,551
eddy-mazzoleni,78,546
paolo-bossoni,79,542
didier-rous,80,542
alexandre-moos,81,539
aitor-osa,82,536
mario-cipollini,83,530
sergei-ivanov,84,529
joaquim-rodriguez,85,522
francisco-perez-sanchez,86,520
thor-hushovd,87,514
jan-svorada-1,88,501
matthias-kessler,89,497
beat-zberg,90,496
marc-wauters,91,486
stefan-van-dijk-1,92,484
lance-armstrong,93,480
jans-koerts,94,479
gerrit-glomser,95,473
kurt-asle-arvesen,96,469
fabio-sacchi,97,461
bart-voskamp,98,461
denis-menchov,99,461
bernhard-eisel,100,460
erik-zabel,1,2363
damiano-cunego,2,2004
paolo-bettini,3,1980
oscar-freire,4,1914
stuart-o-grady,5,1816
alejandro-valverde,6,1797
alessandro-petacchi,7,1709
davide-rebellin,8,1708
robbie-mcewen,9,1678
danilo-hondo,10,1604
tom-boonen,11,1593
ivan-basso,12,1591
miguel-angel-martin-perdiguero,13,1374
jens-voigt,14,1361
jan-ullrich,15,1358
francisco-mancebo,16,1257
thor-hushovd,17,1223
erik-dekker,18,1140
bobby-julich,19,1118
iban-mayo,20,1079
michael-boogerd,21,1046
roberto-heras,22,1005
andreas-kloden,23,1002
gilberto-simoni,24,968
alexandre-vinokourov,25,965
samuel-sanchez,26,948
allan-davis,27,944
denis-menchov,28,922
tyler-hamilton,29,911
juan-antonio-flecha,30,905
jerome-pineau,31,904
max-van-heeswijk,32,894
bradley-mcgee,33,850
leonardo-piepoli,34,849
jaan-kirsipuu,35,846
michael-rogers,36,832
stefano-garzelli,37,811
danilo-di-luca,38,806
franco-pellizotti,39,796
laurent-brochard,40,788
santiago-perez,41,766
dario-david-cioni,42,753
georg-totschnig,43,741
sylvain-chavanel,44,736
ivan-gutierrez,45,731
vladimir-karpets,46,728
floyd-landis,47,723
carlos-sastre,48,720
philippe-gilbert,49,711
viatcheslav-ekimov,50,707
marcos-antonio-serrano,51,678
nick-nuyens,52,657
jorg-jaksche,53,656
michele-scarponi,54,655
thomas-voeckler,55,653
levi-leipheimer,56,653
serhiy-honchar,57,649
oscar-pereiro,58,648
fabian-jeker,59,646
roger-hammond,60,629
christophe-moreau,61,627
stefan-van-dijk-1,62,626
fabian-cancellara,63,625
eladio-jimenez,64,625
magnus-backstedt,65,622
michael-rich,66,619
markus-zberg,67,611
igor-astarloa-ascasibar,68,609
jose-bento-carvalho-de-azevedo,69,600
eddy-mazzoleni,70,600
lance-armstrong,71,592
fabian-wegmann,72,591
george-hincapie,73,590
kurt-asle-arvesen,74,585
gerben-lowik,75,581
jimmy-casper,76,574
baden-cooke,77,573
matthias-kessler,78,563
pierrick-fedrigo,79,561
roberto-laiseka-jaio,80,554
matteo-tosatto,81,542
tadej-valjavec,82,536
steffen-wesemann,83,534
sandy-casar,84,532
olaf-pollack,85,520
frank-hoj-christensen,86,518
luca-mazzanti,87,509
david-moncoutie,88,507
dmitriy-fofonov,89,507
carlos-garcia-quesada,90,504
jean-patrick-nazon,91,502
fred-rodriguez,92,502
didier-rous,93,502
yaroslav-popovych,94,501
axel-merckx,95,495
joaquim-rodriguez,96,494
jose-enrique-gutierrez-cataluna,97,493
thomas-dekker,98,491
kim-kirchen,99,484
cadel-evans,100,483
alessandro-petacchi,1,2282
tom-boonen,2,2149
danilo-di-luca,3,1804
alexandre-vinokourov,4,1562
bobby-julich,5,1526
robbie-mcewen,6,1444
ivan-basso,7,1359
damiano-cunego,8,1312
thor-hushovd,9,1263
paolo-bettini,10,1259
erik-zabel,11,1243
alejandro-valverde,12,1200
davide-rebellin,13,1177
jens-voigt,14,1133
francisco-mancebo,15,1100
murilo-antonio-fischer,16,1072
kim-kirchen,17,1034
oscar-pereiro,18,1019
denis-menchov,19,1019
gilberto-simoni,20,998
stuart-o-grady,21,980
michael-rogers,22,979
daniele-bennati,23,968
paolo-savoldelli,24,955
oscar-freire,25,954
cadel-evans,26,920
frank-schleck,27,908
allan-davis,28,908
roberto-heras,29,904
samuel-sanchez,30,893
fabian-cancellara,31,887
ruben-plaza,32,856
carlos-sastre,33,849
joaquim-rodriguez,34,834
jose-humberto-rujano,35,816
alberto-contador,36,811
thomas-dekker,37,809
santiago-botero,38,808
david-moncoutie,39,787
mirko-celestino,40,782
franco-pellizotti,41,753
christophe-moreau,42,749
fabian-wegmann,43,741
stefan-van-dijk-1,44,733
jorg-jaksche,45,732
levi-leipheimer,46,726
luca-mazzanti,47,713
miguel-angel-martin-perdiguero,48,711
andreas-klier,49,689
laurent-brochard,50,687
filippo-pozzato,51,686
juan-antonio-flecha,52,682
philippe-gilbert,53,680
nick-nuyens,54,679
paride-grillo,55,678
carlos-garcia-quesada,56,675
ruggero-marzoli,57,673
yaroslav-popovych,58,672
constantino-zaballa,59,663
stefan-schumacher,60,652
lorenzo-bernucci,61,650
steven-de-jongh,62,635
angel-vicioso,63,608
niko-eeckhout,64,602
eddy-mazzoleni,65,596
thomas-danielson,66,585
kurt-asle-arvesen,67,573
jan-ullrich,68,567
baden-cooke,69,556
bradley-mcgee,70,555
bernhard-eisel,71,551
sylvain-chavanel,72,551
leonardo-piepoli,73,548
danilo-hondo,74,545
michael-rasmussen,75,542
oscar-sevilla,76,539
aitor-osa,77,538
marzio-bruseghin,78,537
pieter-weening,79,535
emanuele-sella,80,535
serhiy-honchar,81,535
nico-mattan,82,533
simon-gerrans,83,532
wim-van-huffel,84,530
tadej-valjavec,85,522
eladio-jimenez,86,519
david-etxebarria,87,508
stefano-garzelli,88,507
floyd-landis,89,502
anthony-geslin,90,496
pedro-arreitunandia,91,482
erik-dekker,92,477
georg-totschnig,93,475
vladimir-gusev,94,475
mauricio-alberto-ardila,95,470
ivan-gutierrez,96,466
vladimir-efimkin,97,463
sandy-casar,98,463
danilo-napolitano,99,460
patrice-halgand,100,451
tom-boonen,1,2499
alejandro-valverde,2,2276
paolo-bettini,3,1995
robbie-mcewen,4,1916
erik-zabel,5,1844
thor-hushovd,6,1734
samuel-sanchez,7,1707
frank-schleck,8,1431
damiano-cunego,9,1420
cadel-evans,10,1409
stefan-schumacher,11,1391
ivan-basso,12,1341
fabian-cancellara,13,1262
carlos-sastre,14,1242
alessandro-ballan,15,1229
alexandre-vinokourov,16,1220
andrey-kashechkin,17,1170
oscar-freire,18,1100
davide-rebellin,19,1088
philippe-gilbert,20,1078
daniele-bennati,21,1032
stuart-o-grady,22,1018
jens-voigt,23,1009
alessandro-petacchi,24,983
filippo-pozzato,25,927
stefano-garzelli,26,923
christophe-moreau,27,887
luca-paolini,28,852
bernhard-eisel,29,842
vladimir-gusev,30,822
rinaldo-nocentini,31,820
oscar-pereiro,32,811
baden-cooke,33,810
danilo-hondo,34,807
kurt-asle-arvesen,35,798
luca-mazzanti,36,774
vincenzo-nibali,37,765
andreas-kloden,38,764
patrik-sinkewitz,39,762
thomas-danielson,40,742
michael-rogers,41,740
niko-eeckhout,42,738
jose-angel-gomez-marchante,43,724
karsten-kroon,44,719
juan-antonio-flecha,45,716
leif-hoste,46,712
leonardo-piepoli,47,704
denis-menchov,48,699
levi-leipheimer,49,689
francisco-javier-patxi-vila,50,688
danilo-napolitano,51,687
cyril-dessel,52,682
cristian-moreni,53,680
andrea-tonti,54,662
fabian-wegmann,55,661
vladimir-karpets,56,655
floyd-landis,57,644
jose-enrique-gutierrez-cataluna,58,642
franco-pellizotti,59,638
alexandre-botcharov,60,637
jorg-jaksche,61,635
paolo-savoldelli,62,633
pierrick-fedrigo,63,630
sebastian-lang,64,622
david-kopp,65,617
koldo-gil-perez,66,614
steven-de-jongh,67,613
fabrizio-guidi,68,599
danilo-di-luca,69,599
antonio-colom,70,596
nick-nuyens,71,593
pietro-caucchioli,72,590
alberto-contador,73,589
sylvain-chavanel,74,546
thomas-voeckler,75,535
jose-bento-carvalho-de-azevedo,76,527
janez-brajkovic,77,527
stijn-devolder,78,515
joaquim-rodriguez,79,505
chris-horner,80,499
didier-rous,81,498
igor-anton,82,497
gilberto-simoni,83,496
manuele-mori,84,494
frederic-guesdon,85,494
michael-boogerd,86,491
george-hincapie,87,491
ricardo-serrano,88,489
maarten-tjallingii,89,484
olaf-pollack,90,481
yaroslav-popovych,91,481
santo-anza,92,478
robert-forster,93,478
gert-steegmans,94,467
serhiy-honchar,95,465
jimmy-casper,96,464
haimar-zubeldia,97,459
fran-ventoso,98,458
thomas-dekker,99,457
evgeni-petrov,100,452
cadel-evans,1,1992.0
alejandro-valverde,2,1899.0
danilo-di-luca,3,1780.0
davide-rebellin,4,1663.0
oscar-freire,5,1662.0
alberto-contador,6,1601.0
samuel-sanchez,7,1566.0
tom-boonen,8,1535.0
frank-schleck,9,1526.0
damiano-cunego,10,1416.0
kim-kirchen,11,1349.0
daniele-bennati,12,1323.0
erik-zabel,13,1305.0
jens-voigt,14,1289.0
paolo-bettini,15,1288.0
denis-menchov,16,1264.0
alessandro-petacchi,17,1248.0
vladimir-karpets,18,1242.5
robbie-mcewen,19,1187.0
thor-hushovd,20,1110.0
riccardo-ricco,21,1095.0
alessandro-ballan,22,1082.0
thomas-dekker,23,1041.0
carlos-sastre,24,1003.0
stefan-schumacher,25,1001.0
fabian-cancellara,26,952.0
filippo-pozzato,27,933.5
vladimir-gusev,28,932.0
andreas-kloden,29,931.0
stuart-o-grady,30,907.0
robert-hunter,31,906.0
danilo-napolitano,32,892.0
daniel-moreno,33,839.0
juan-jose-cobo,34,827.0
franco-pellizotti,35,825.0
juan-mauricio-soler-hernandez,36,806.0
vincenzo-nibali,37,801.0
allan-davis,38,786.0
andy-schleck,39,778.0
alessandro-bertolini,40,763.0
mark-cavendish,41,753.0
baden-cooke,42,750.0
gerald-ciolek,43,727.0
david-lopez,44,718.0
igor-anton,45,713.0
leonardo-piepoli,46,705.0
luca-mazzanti,47,703.0
christophe-moreau,48,703.0
ivan-gutierrez,49,702.5
alexandr-kolobnev,50,696.0
joaquim-rodriguez,51,688.0
gert-steegmans,52,684.0
martin-elmiger,53,678.0
tadej-valjavec,54,677.0
robert-gesink,55,669.0
fabian-wegmann,56,664.0
levi-leipheimer,57,658.0
oscar-sevilla,58,648.0
romain-feillu,59,647.0
manuel-beltran,60,632.0
wouter-weylandt,61,630.0
gilberto-simoni,62,628.0
vladimir-efimkin,63,626.0
kurt-asle-arvesen,64,624.0
graeme-brown,65,611.0
philippe-gilbert,66,610.0
jose-joaquin-rojas,67,605.0
marcus-burghardt,68,599.0
greg-van-avermaet,69,597.0
john-gadret,70,583.0
stefan-van-dijk-1,71,583.0
gustav-larsson,72,581.0
sebastien-chavanel,73,579.0
mikel-astarloza,74,577.0
paolo-savoldelli,75,574.0
chris-horner,76,571.0
steven-de-jongh,77,570.0
robert-forster,78,555.0
ariel-maximiliano-richeze,79,553.0
leif-hoste,80,553.0
juan-jose-haedo,81,550.0
thomas-voeckler,82,549.0
david-millar,83,548.0
stefano-garzelli,84,542.0
bernhard-eisel,85,535.0
alexandre-usov,86,523.0
haimar-zubeldia,87,520.0
francisco-mancebo,88,520.0
stijn-devolder,89,519.0
juan-antonio-flecha,90,518.0
andrey-kashechkin,91,511.0
matteo-carrara,92,510.0
laszlo-bodrogi,93,509.0
alexandre-vinokourov,94,502.5
evgeni-petrov,95,501.0
yaroslav-popovych,96,496.0
matti-breschel,97,496.0
janez-brajkovic,98,491.0
giovanni-visconti,99,479.0
enrico-gasparotto,100,475.0
alejandro-valverde,1,2594
alberto-contador,2,2113
fabian-cancellara,3,1915
damiano-cunego,4,1840
cadel-evans,5,1821
davide-rebellin,6,1788
levi-leipheimer,7,1716
kim-kirchen,8,1450
oscar-freire,9,1375
alessandro-ballan,10,1358
tom-boonen,11,1349
philippe-gilbert,12,1313
andre-greipel,13,1223
mark-cavendish,14,1194
carlos-sastre,15,1167
robert-gesink,16,1159
frank-schleck,17,1134
greg-van-avermaet,18,1117
daniele-bennati,19,1095
filippo-pozzato,20,1090
gustav-larsson,21,1052
joaquim-rodriguez,22,1038
denis-menchov,23,1030
erik-zabel,24,1026
stijn-devolder,25,1018
enrico-gasparotto,26,1002
thomas-lofkvist,27,996
jose-joaquin-rojas,28,995
robbie-mcewen,29,987
samuel-sanchez,30,984
paolo-bettini,31,976
roman-kreuziger,32,949
danilo-di-luca,33,944
matti-breschel,34,932
christian-vande-velde,35,928
giovanni-visconti,36,892
thor-hushovd,37,865
allan-davis,38,856
franco-pellizotti,39,847
stefano-garzelli,40,843
gert-steegmans,41,829
mikel-astarloza,42,815
andreas-kloden,43,788
emanuele-sella,44,783
andy-schleck,45,764
sylvain-chavanel,46,749
jerome-pineau,47,749
rinaldo-nocentini,48,745
pierrick-fedrigo,49,725
janez-brajkovic,50,719
ezequiel-mosquera-miguez,51,701
marco-pinotti,52,696
riccardo-ricco,53,695
marzio-bruseghin,54,690
alexandr-kolobnev,55,688
sandy-casar,56,688
jens-voigt,57,685
wouter-weylandt,58,678
gerald-ciolek,59,672
koldo-fernandez,60,671
michael-rogers,61,667
david-moncoutie,62,666
christian-pfannberger,63,663
robert-forster,64,663
luca-paolini,65,662
linus-gerdemann,66,644
michael-albasini,67,634
vincenzo-nibali,68,633
maxime-monfort,69,608
george-hincapie,70,605
nick-nuyens,71,604
jurgen-roelandts,72,598
fabian-wegmann,73,594
thomas-dekker,74,584
sergei-ivanov,75,581
markus-fothen,76,579
luis-leon-sanchez,77,575
cyril-dessel,78,573
stefan-van-dijk-1,79,562
vasil-kiryienka,80,558
benoit-vaugrenard,81,543
karsten-kroon,82,536
bert-grabsch,83,533
joost-posthuma,84,531
igor-anton,85,530
christian-knees,86,527
hector-guerra-garcia,87,524
mikhaylo-khalilov,88,523
juan-antonio-flecha,89,519
vladimir-efimkin,90,514
daniel-moreno,91,509
haimar-zubeldia,92,505
gustavo-cesar-veloso,93,502
rigoberto-uran,94,498
stephen-cummings,95,493
alexandre-botcharov,96,490
francesco-ginanni,97,480
tadej-valjavec,98,480
martin-elmiger,99,476
kurt-asle-arvesen,100,476
alejandro-valverde,1,2054
alberto-contador,2,1926
mark-cavendish,3,1843
cadel-evans,4,1824
philippe-gilbert,5,1630
tyler-farrar,6,1595
edvald-boasson-hagen,7,1558
thor-hushovd,8,1474
samuel-sanchez,9,1456
andre-greipel,10,1406
tom-boonen,11,1297
roman-kreuziger,12,1270
damiano-cunego,13,1243
fabian-cancellara,14,1237
heinrich-haussler,15,1200
andy-schleck,16,1169
allan-davis,17,1122
ivan-basso,18,1092
robert-gesink,19,1078
filippo-pozzato,20,1073
vincenzo-nibali,21,1052
luis-leon-sanchez,22,1039
stefano-garzelli,23,1039
frank-schleck,24,1023
matti-breschel,25,1014
sylvain-chavanel,26,1003
andreas-kloden,27,994
denis-menchov,28,983
alessandro-petacchi,29,971
alexandr-kolobnev,30,948
jakob-fuglsang,31,913
bradley-wiggins,32,904
joaquim-rodriguez,33,901
giovanni-visconti,34,851
daniele-bennati,35,846
tony-martin,36,821
sergei-ivanov,37,809
graeme-brown,38,785
levi-leipheimer,39,776
simon-gerrans,40,768
davide-rebellin,41,761
thomas-voeckler,42,747
francesco-gavazzi,43,736
michael-rogers,44,730
gerald-ciolek,45,730
romain-feillu,46,722
carlos-sastre,47,706
gustav-larsson,48,702
borut-bozic,49,698
daniel-moreno,50,696
fran-ventoso,51,695
jose-joaquin-rojas,52,688
maxime-monfort,53,669
pierrick-fedrigo,54,668
luca-paolini,55,646
michele-scarponi,56,645
johnny-hoogerland,57,640
thomas-lofkvist,58,640
oscar-freire,59,638
sebastian-langeveld,60,617
peter-velits,61,615
david-moncoutie,62,611
david-lelay,63,607
vladimir-karpets,64,601
lars-ytting-bak,65,599
jimmy-casper,66,596
christophe-le-mevel,67,592
matthieu-ladagnous,68,584
yauheni-hutarovich,69,583
fabian-wegmann,70,583
sandy-casar,71,581
greg-van-avermaet,72,573
ezequiel-mosquera-miguez,73,571
matthew-goss,74,570
michael-albasini,75,566
kenny-van-hummel,76,565
alessandro-ballan,77,563
grega-bole,78,554
xavier-tondo,79,545
gregory-henderson,80,540
rein-taaramae,81,535
ryder-hesjedal,82,528
jurgen-roelandts,83,522
jose-rodolfo-serpa,84,515
haimar-zubeldia,85,513
marco-pinotti,86,512
dan-martin,87,507
roger-hammond,88,497
nicolas-roche,89,488
rinaldo-nocentini,90,487
christian-knees,91,484
jens-voigt,92,480
janez-brajkovic,93,478
chris-anker-sorensen,94,476
danilo-napolitano,95,475
david-de-la-fuente,96,472
jurgen-van-den-broeck,97,470
david-zabriskie,98,467
karsten-kroon,99,466
stijn-devolder,100,465
joaquim-rodriguez,1,2091
vincenzo-nibali,2,2022
tyler-farrar,3,1764
luis-leon-sanchez,4,1718
samuel-sanchez,5,1716
cadel-evans,6,1683
philippe-gilbert,7,1683
fabian-cancellara,8,1506
andre-greipel,9,1486
robert-gesink,10,1485
mark-cavendish,11,1461
alexandre-vinokourov,12,1372
thor-hushovd,13,1308
edvald-boasson-hagen,14,1307
michele-scarponi,15,1305
ryder-hesjedal,16,1273
alessandro-petacchi,17,1270
andy-schleck,18,1186
chris-horner,19,1166
oscar-freire,20,1107
frank-schleck,21,1098
alberto-contador,22,1076
michael-rogers,23,1032
robbie-mcewen,24,1028
nicolas-roche,25,985
roman-kreuziger,26,952
tony-martin,27,919
peter-sagan,28,911
giovanni-visconti,29,901
jose-joaquin-rojas,30,900
ivan-basso,31,890
janez-brajkovic,32,876
jurgen-van-den-broeck,33,873
matti-breschel,34,872
marco-marcato,35,867
igor-anton,36,867
dan-martin,37,808
levi-leipheimer,38,802
tom-boonen,39,789
filippo-pozzato,40,775
david-millar,41,769
jakob-fuglsang,42,766
damiano-cunego,43,760
thomas-voeckler,44,741
carlos-sastre,45,733
matthew-goss,46,727
romain-feillu,47,720
gregory-henderson,48,715
xavier-tondo,49,706
david-moncoutie,50,704
richie-porte,51,699
domenico-pozzovivo,52,693
marco-pinotti,53,692
grega-bole,54,687
stefan-van-dijk-1,55,683
gustav-larsson,56,683
peter-velits,57,673
riccardo-ricco,58,657
francesco-gavazzi,59,654
tiago-machado,60,642
sandy-casar,61,633
bjorn-leukemans,62,626
andreas-kloden,63,621
daniele-bennati,64,615
maxime-monfort,65,600
jurgen-roelandts,66,590
simon-spilak,67,587
koos-moerenhout,68,585
greg-van-avermaet,69,582
allan-davis,70,581
maxim-iglinskiy,71,579
samuel-dumoulin,72,574
jerome-coppel,73,572
pierrick-fedrigo,74,565
juan-antonio-flecha,75,554
alexandr-kolobnev,76,550
haimar-zubeldia,77,545
koldo-fernandez,78,537
luca-paolini,79,537
bauke-mollema,80,533
kenny-van-hummel,81,526
tejay-van-garderen,82,523
vladimir-karpets,83,522
leonardo-duque,84,522
christophe-riblon,85,522
matteo-carrara,86,521
sergio-pardilla,87,508
stefano-garzelli,88,507
david-arroyo,89,507
sylvain-chavanel,90,506
wouter-weylandt,91,503
juan-jose-haedo,92,499
christophe-le-mevel,93,495
bernhard-eisel,94,483
enrico-rossi,95,482
danilo-hondo,96,472
fabian-wegmann,97,472
cedric-pineau,98,469
graeme-brown,99,456
martin-elmiger,100,452
philippe-gilbert,1,3031
joaquim-rodriguez,2,2047
cadel-evans,3,2009
tony-martin,4,1819
samuel-sanchez,5,1705
michele-scarponi,6,1622
mark-cavendish,7,1607
peter-sagan,8,1563
edvald-boasson-hagen,9,1492
thomas-voeckler,10,1473
fabian-cancellara,11,1450
frank-schleck,12,1349
jose-joaquin-rojas,13,1293
bradley-wiggins,14,1266
vincenzo-nibali,15,1262
andre-greipel,16,1255
damiano-cunego,17,1231
greg-van-avermaet,18,1213
matthew-goss,19,1167
bauke-mollema,20,1165
dan-martin,21,1112
andy-schleck,22,1094
giovanni-visconti,23,1087
levi-leipheimer,24,1060
romain-feillu,25,1046
tyler-farrar,26,1020
daniele-bennati,27,1017
ivan-basso,28,1014
marco-marcato,29,999
marcel-kittel,30,994
bjorn-leukemans,31,954
daniel-moreno,32,946
robert-gesink,33,913
david-millar,34,906
christopher-froome,35,853
thor-hushovd,36,847
jean-christophe-peraud,37,847
rigoberto-uran,38,834
alexandre-vinokourov,39,827
andreas-kloden,40,824
alessandro-petacchi,41,807
davide-rebellin,42,804
denis-menchov,43,769
denis-galimzyanov,44,753
jakob-fuglsang,45,751
john-degenkolb,46,750
rein-taaramae,47,746
yauheni-hutarovich,48,739
ryder-hesjedal,49,709
jurgen-van-den-broeck,50,706
rui-costa,51,700
simon-gerrans,52,690
simone-ponzi,53,687
wout-poels,54,674
domenico-pozzovivo,55,669
thomas-danielson,56,652
igor-anton,57,644
maxime-monfort,58,640
tony-gallopin,59,638
fran-ventoso,60,629
david-moncoutie,61,629
kenny-van-hummel,62,614
chris-horner,63,613
lars-boom,64,610
stefan-van-dijk-1,65,598
roman-kreuziger,66,592
ben-hermans,67,588
jose-humberto-rujano,68,585
samuel-dumoulin,69,580
janez-brajkovic,70,580
vasil-kiryienka,71,579
john-gadret,72,578
thibaut-pinot,73,576
sylvain-chavanel,74,574
oscar-freire,75,572
jose-rodolfo-serpa,76,567
geraint-thomas,77,565
jurgen-roelandts,78,565
pierre-rolland,79,564
emanuele-sella,80,559
sacha-modolo,81,552
michael-matthews,82,546
chris-anker-sorensen,83,542
borut-bozic,84,535
nick-nuyens,85,534
tiago-machado,86,531
elia-viviani,87,530
anthony-roux,88,530
mikel-nieve,89,526
christian-vande-velde,90,526
linus-gerdemann,91,524
michael-albasini,92,521
ben-swift,93,516
steven-kruijswijk,94,515
nicolas-roche,95,513
jerome-coppel,96,511
grega-bole,97,509
pierrick-fedrigo,98,509
robbie-mcewen,99,507
jelle-vanendert,100,497
joaquim-rodriguez,1,2700
bradley-wiggins,2,2388
alejandro-valverde,3,2118
tom-boonen,4,2116
peter-sagan,5,2109
edvald-boasson-hagen,6,1791
vincenzo-nibali,7,1715
andre-greipel,8,1690
tony-martin,9,1631
john-degenkolb,10,1583
christopher-froome,11,1536
rui-costa,12,1437
mark-cavendish,13,1257
simon-gerrans,14,1245
rigoberto-uran,15,1228
thomas-voeckler,16,1217
daniel-moreno,17,1174
alberto-contador,18,1170
samuel-sanchez,19,1159
sergio-luis-henao,20,1132
philippe-gilbert,21,1118
michael-rogers,22,1095
tejay-van-garderen,23,1091
ryder-hesjedal,24,1070
sylvain-chavanel,25,1023
luis-leon-sanchez,26,1023
alexander-kristoff,27,998
domenico-pozzovivo,28,997
cadel-evans,29,982
fabian-cancellara,30,936
damiano-cunego,31,925
moreno-moser,32,905
taylor-phinney,33,905
jurgen-van-den-broeck,34,889
lieuwe-westra,35,873
lars-boom,36,870
rinaldo-nocentini,37,869
matthew-goss,38,860
roman-kreuziger,39,859
oscar-freire,40,857
robert-gesink,41,848
michele-scarponi,42,826
niki-terpstra,43,817
dan-martin,44,809
janez-brajkovic,45,795
lars-petter-nordhaug,46,792
arnaud-demare,47,792
michael-albasini,48,784
bauke-mollema,49,783
alessandro-ballan,50,777
marco-marcato,51,765
greg-van-avermaet,52,762
giacomo-nizzolo,53,761
marcel-kittel,54,749
nacer-bouhanni,55,747
julien-simon,56,737
jerome-coppel,57,735
luca-paolini,58,723
chris-horner,59,694
andrew-talansky,60,691
daniele-bennati,61,675
giovanni-visconti,62,673
luke-durbridge,63,671
nairo-quintana,64,668
elia-viviani,65,664
samuel-dumoulin,66,663
richie-porte,67,651
levi-leipheimer,68,639
nicolas-roche,69,638
carlos-betancur,70,636
fredrik-kessiakoff,71,633
tyler-farrar,72,617
mark-renshaw,73,617
jakob-fuglsang,74,608
peter-velits,75,596
jurgen-roelandts,76,594
kenny-van-hummel,77,572
simon-clarke,78,572
gianni-meersman,79,568
francesco-gavazzi,80,567
pierre-rolland,81,566
thomas-de-gendt,82,563
danilo-di-luca,83,562
maxime-monfort,84,560
stefan-schumacher,85,559
diego-ulissi,86,557
thibaut-pinot,87,548
juan-antonio-flecha,88,541
marco-pinotti,89,537
ivan-basso,90,536
chris-anker-sorensen,91,533
svein-tuft,92,531
miguel-angel-rubiano,93,530
pierrick-fedrigo,94,530
alexander-serebryakov,95,529
frank-schleck,96,526
robert-kiserlovski,97,526
eros-capecchi,98,517
dario-cataldo,99,516
tony-gallopin,100,514
peter-sagan,1,2802
alejandro-valverde,2,2500
joaquim-rodriguez,3,2458
christopher-froome,4,2415
vincenzo-nibali,5,2225
mark-cavendish,6,1868
rui-costa,7,1786
nairo-quintana,8,1623
andre-greipel,9,1516
richie-porte,10,1509
fabian-cancellara,11,1501
tony-martin,12,1481
bauke-mollema,13,1422
daniel-moreno,14,1362
dan-martin,15,1352
sylvain-chavanel,16,1286
alberto-contador,17,1248
greg-van-avermaet,18,1222
alexander-kristoff,19,1180
marcel-kittel,20,1144
michal-kwiatkowski,21,1122
john-degenkolb,22,1118
diego-ulissi,23,1097
roman-kreuziger,24,1095
sergio-luis-henao,25,1047
tejay-van-garderen,26,1028
chris-horner,27,1003
nacer-bouhanni,28,1001
michele-scarponi,29,985
carlos-betancur,30,984
arnaud-demare,31,962
simon-spilak,32,924
philippe-gilbert,33,905
edvald-boasson-hagen,34,879
jan-bakelants,35,872
elia-viviani,36,852
samuel-dumoulin,37,846
niki-terpstra,38,843
jakob-fuglsang,39,838
benat-intxausti,40,835
robert-gesink,41,827
domenico-pozzovivo,42,825
pieter-weening,43,816
andrew-talansky,44,805
samuel-sanchez,45,800
rafal-majka,46,783
rigoberto-uran,47,770
cadel-evans,48,762
romain-bardet,49,743
nicolas-roche,50,736
zdenek-stybar,51,735
bradley-wiggins,52,733
wilco-kelderman,53,724
filippo-pozzato,54,720
bryan-coquard,55,712
gerald-ciolek,56,707
thibaut-pinot,57,707
geraint-thomas,58,704
gianni-meersman,59,699
tanel-kangert,60,682
thor-hushovd,61,656
tyler-farrar,62,652
lars-boom,63,645
jose-joaquin-rojas,64,638
mathias-frank,65,625
franco-pellizotti,66,623
przemyslaw-niemiec,67,615
daryl-impey,68,607
jean-christophe-peraud,69,596
thomas-voeckler,70,591
arthur-vichot,71,582
tom-jelte-slagter,72,579
daniel-navarro,73,569
thomas-danielson,74,565
sacha-modolo,75,565
tom-dumoulin,76,555
davide-rebellin,77,554
mikel-nieve,78,551
giacomo-nizzolo,79,545
simone-ponzi,80,538
jurgen-roelandts,81,528
michael-rogers,82,526
paul-martens,83,526
luca-paolini,84,518
simon-gerrans,85,515
mauro-santambrogio,86,511
bjorn-leukemans,87,510
heinrich-haussler,88,505
igor-anton,89,504
taylor-phinney,90,504
tony-gallopin,91,501
david-lopez,92,496
michael-van-staeyen,93,484
matti-breschel,94,479
christophe-riblon,95,476
jonathan-hivert,96,469
michael-matthews,97,468
sep-vanmarcke,98,466
jan-barta,99,464
peter-velits,100,463
alejandro-valverde,1,2959
alberto-contador,2,2170
alexander-kristoff,3,2031
john-degenkolb,4,1919
michal-kwiatkowski,5,1840
peter-sagan,6,1720
simon-gerrans,7,1691
philippe-gilbert,8,1625
vincenzo-nibali,9,1581
rui-costa,10,1410
nairo-quintana,11,1408
tom-dumoulin,12,1377
christopher-froome,13,1377
greg-van-avermaet,14,1369
arnaud-demare,15,1352
tejay-van-garderen,16,1329
rafal-majka,17,1319
jean-christophe-peraud,18,1289
romain-bardet,19,1262
tony-martin,20,1224
cadel-evans,21,1208
nacer-bouhanni,22,1198
dan-martin,23,1173
bauke-mollema,24,1156
joaquim-rodriguez,25,1150
fabian-cancellara,26,1112
niki-terpstra,27,1103
tom-van-asbroeck,28,1074
thibaut-pinot,29,1066
marcel-kittel,30,1063
andre-greipel,31,1054
fabio-aru,32,1051
sylvain-chavanel,33,995
tony-gallopin,34,958
wilco-kelderman,35,940
rigoberto-uran,36,922
michael-matthews,37,916
sep-vanmarcke,38,902
sonny-colbrelli,39,893
domenico-pozzovivo,40,882
geraint-thomas,41,877
daniel-moreno,42,866
ramunas-navardauskas,43,864
gianni-meersman,44,773
tom-boonen,45,767
tim-wellens,46,759
diego-ulissi,47,752
ben-swift,48,745
davide-rebellin,49,727
mathias-frank,50,727
giacomo-nizzolo,51,724
michael-albasini,52,717
bradley-wiggins,53,716
julian-david-arredondo,54,708
cyril-gautier,55,657
mauro-finetto,56,654
luka-mezgec,57,654
tiago-machado,58,638
tyler-farrar,59,636
tom-jelte-slagter,60,625
daryl-impey,61,620
bryan-coquard,62,619
mark-cavendish,63,614
adam-yates,64,612
theo-bos,65,611
ryder-hesjedal,66,609
yauheni-hutarovich,67,606
mikel-nieve,68,604
damiano-caruso,69,598
samuel-sanchez,70,598
elia-viviani,71,593
simon-spilak,72,591
warren-barguil,73,588
rohan-dennis,74,586
pierre-rolland,75,584
roman-kreuziger,76,583
julien-simon,77,576
juan-jose-lobato,78,571
andrew-talansky,79,561
zdenek-stybar,80,561
leopold-konig,81,558
michael-rogers,82,551
carlos-betancur,83,550
jens-debusschere,84,545
sacha-modolo,85,543
samuel-dumoulin,86,539
jean-pierre-drucker,87,534
matti-breschel,88,534
jakob-fuglsang,89,530
ion-izagirre,90,527
jelle-vanendert,91,522
johan-esteban-chaves,92,521
grega-bole,93,520
simon-geschke,94,520
frank-schleck,95,517
nathan-haas,96,516
jerome-baugnies,97,502
jonas-van-genechten,98,502
yuri-trofimov,99,498
giampaolo-caruso,100,490
alejandro-valverde,1,3022
alexander-kristoff,2,2691
peter-sagan,3,2336
christopher-froome,4,1742
nairo-quintana,5,1708
joaquim-rodriguez,6,1705
greg-van-avermaet,7,1684
fabio-aru,8,1581
thibaut-pinot,9,1566
alberto-contador,10,1546
john-degenkolb,11,1537
andre-greipel,12,1523
vincenzo-nibali,13,1378
richie-porte,14,1357
philippe-gilbert,15,1281
rigoberto-uran,16,1277
tom-dumoulin,17,1239
michael-matthews,18,1227
daniel-moreno,19,1165
geraint-thomas,20,1157
bauke-mollema,21,1145
nacer-bouhanni,22,1139
romain-bardet,23,1102
niki-terpstra,24,1088
michal-kwiatkowski,25,1053
rui-costa,26,1042
rafal-majka,27,1027
edvald-boasson-hagen,28,1023
domenico-pozzovivo,29,1019
rohan-dennis,30,1011
zdenek-stybar,31,993
jan-bakelants,32,979
tony-gallopin,33,974
mikel-landa,34,969
mark-cavendish,35,959
edward-theuns,36,958
fabio-felline,37,928
tom-boonen,38,908
giacomo-nizzolo,39,871
simon-spilak,40,867
julian-alaphilippe,41,861
johan-esteban-chaves,42,849
sergio-luis-henao,43,843
tim-wellens,44,814
bryan-coquard,45,809
ilnur-zakarin,46,782
tiesj-benoot,47,765
ion-izagirre,48,752
jens-debusschere,49,745
sacha-modolo,50,737
tejay-van-garderen,51,720
ben-hermans,52,684
ramunas-navardauskas,53,682
robert-gesink,54,681
elia-viviani,55,681
adam-yates,56,680
yves-lampaert,57,676
steven-kruijswijk,58,670
caleb-ewan,59,669
alexis-vuillermoz,60,665
louis-meintjes,61,662
danny-van-poppel,62,648
adriano-malori,63,645
diego-ulissi,64,644
tony-martin,65,632
kristian-sbaragli,66,632
rein-taaramae,67,624
mikel-nieve,68,620
dan-martin,69,618
simon-yates,70,612
vasil-kiryienka,71,610
jakob-fuglsang,72,605
wout-poels,73,603
matteo-trentin,74,603
wilco-kelderman,75,598
kris-boeckmans,76,596
brent-bookwalter,77,595
brent-bookwalter,77,595
rasmus-guldhammer,78,593
pierre-rolland,79,590
juan-jose-lobato,80,578
roman-kreuziger,81,568
davide-rebellin,82,560
benat-intxausti,83,559
jurgen-roelandts,84,556
jean-pierre-drucker,85,554
leopold-konig,86,550
sonny-colbrelli,87,545
jonathan-castroviejo,88,533
marko-kump,89,531
arnaud-demare,90,530
giovanni-visconti,91,528
niccolo-bonifazio,92,526
maciej-paterski,93,524
marco-marcato,94,518
bob-jungels,95,517
sep-vanmarcke,96,510
daryl-impey,97,502
diego-rosa,98,499
jose-joaquin-rojas,99,498
peter-sagan,1,3315
christopher-froome,2,2318
greg-van-avermaet,3,2175
alejandro-valverde,4,2173
nairo-quintana,5,2074
alexander-kristoff,6,1946
romain-bardet,7,1641
alberto-contador,8,1595
diego-ulissi,9,1543
giacomo-nizzolo,10,1370
ion-izagirre,11,1325
bryan-coquard,12,1312
tom-dumoulin,13,1274
marcel-kittel,14,1274
mark-cavendish,15,1263
johan-esteban-chaves,16,1236
edvald-boasson-hagen,17,1235
fabian-cancellara,18,1214
richie-porte,19,1185
sonny-colbrelli,20,1183
vincenzo-nibali,21,1178
nacer-bouhanni,22,1167
michael-matthews,23,1156
dan-martin,24,1125
andre-greipel,25,1115
julian-alaphilippe,26,1097
rui-costa,27,1088
thibaut-pinot,28,1064
dylan-groenewegen,29,1058
bauke-mollema,30,1050
baptiste-planckaert,31,1017
arnaud-demare,32,1013
rafal-majka,33,1005
ilnur-zakarin,34,970
joaquim-rodriguez,35,938
tom-boonen,36,925
gianluca-brambilla,37,895
sergio-luis-henao,38,888
timothy-dupont,39,882
geraint-thomas,40,878
jakob-fuglsang,41,849
bob-jungels,42,843
fernando-gaviria,43,822
wout-poels,44,816
niki-terpstra,45,811
giovanni-visconti,46,778
samuel-dumoulin,47,778
tony-gallopin,48,774
wilco-kelderman,49,772
fabio-aru,50,772
rohan-dennis,51,763
sep-vanmarcke,52,749
jarlinson-pantano,53,739
adam-yates,54,734
rigoberto-uran,55,713
tanel-kangert,56,701
zdenek-stybar,57,701
oliver-naesen,58,692
tony-martin,59,683
tim-wellens,60,676
fabio-felline,61,671
petr-vakoc,62,670
darwin-atapuma,63,665
matteo-trentin,64,663
miguel-angel-lopez,65,663
francesco-gavazzi,66,655
philippe-gilbert,67,645
dries-devenyns,68,644
andrew-talansky,69,636
sebastien-reichenbach,70,631
simon-yates,71,628
caleb-ewan,72,625
tejay-van-garderen,73,625
michal-kwiatkowski,74,623
ben-swift,75,621
warren-barguil,76,603
roman-kreuziger,77,602
jan-bakelants,78,590
john-degenkolb,79,585
pierre-latour,80,583
louis-meintjes,81,580
simon-gerrans,82,572
luis-leon-sanchez,83,572
sergio-pardilla,84,568
magnus-cort-nielsen,85,563
enrico-gasparotto,86,557
gianni-meersman,87,556
daniel-mclay,88,551
tiesj-benoot,89,550
sam-bennett,90,549
aleksey-lutsenko,91,548
alberto-bettiol,92,542
daniel-moreno,93,536
samuel-sanchez,94,531
diego-rosa,95,530
domenico-pozzovivo,96,528
jonathan-castroviejo,97,527
stephen-cummings,98,519
sacha-modolo,99,512
jurgen-roelandts,100,508
greg-van-avermaet,1,2525
peter-sagan,2,2218
christopher-froome,3,2172
alexander-kristoff,4,2132
tom-dumoulin,5,1965
alejandro-valverde,6,1788
vincenzo-nibali,7,1761
michael-matthews,8,1728
alberto-contador,9,1708
michal-kwiatkowski,10,1638
dan-martin,11,1579
nairo-quintana,12,1539
philippe-gilbert,13,1506
thibaut-pinot,14,1485
rigoberto-uran,15,1405
diego-ulissi,16,1391
elia-viviani,17,1381
mikel-landa,18,1357
andre-greipel,19,1334
arnaud-demare,20,1332
primoz-roglic,21,1328
ilnur-zakarin,22,1323
bauke-mollema,23,1318
fernando-gaviria,24,1311
romain-bardet,25,1304
matteo-trentin,26,1292
dylan-groenewegen,27,1263
edvald-boasson-hagen,28,1252
fabio-aru,29,1241
nacer-bouhanni,30,1232
tim-wellens,31,1213
marcel-kittel,32,1146
richie-porte,33,1126
sonny-colbrelli,34,1112
domenico-pozzovivo,35,1109
rui-costa,36,1098
rafal-majka,37,1092
julian-alaphilippe,38,1088
jasper-stuyven,39,1056
john-degenkolb,40,1010
dylan-teuns,41,1003
wilco-kelderman,42,1002
warren-barguil,43,969
tony-gallopin,44,968
adam-yates,45,950
oliver-naesen,46,918
simon-yates,47,914
michael-albasini,48,889
rohan-dennis,49,874
tiesj-benoot,50,867
sergio-luis-henao,51,860
sam-bennett,52,855
ion-izagirre,53,841
wout-poels,54,833
jean-pierre-drucker,55,807
geraint-thomas,56,802
lilian-calmejane,57,793
alexis-vuillermoz,58,788
tejay-van-garderen,59,770
marco-canola,60,765
bob-jungels,61,759
louis-meintjes,62,756
caleb-ewan,63,753
gianni-moscon,64,734
edward-theuns,65,709
nicolas-roche,66,705
jakob-fuglsang,67,693
damiano-caruso,68,672
sacha-modolo,69,667
giovanni-visconti,70,647
miguel-angel-lopez,71,645
egan-bernal,72,645
jakub-mareczko,73,644
steven-kruijswijk,74,622
stefan-kung,75,621
jasper-de-buyst,76,620
silvan-dillier,77,617
michael-woods,78,617
david-de-la-cruz,79,615
jens-keukeleire,80,607
george-bennett,81,604
simon-spilak,82,596
fabio-felline,83,593
jonathan-castroviejo,84,588
emanuel-buchmann,85,584
francesco-gavazzi,86,584
aleksey-lutsenko,87,581
magnus-cort-nielsen,88,579
soren-kragh-andersen,89,553
sam-oomen,90,548
sep-vanmarcke,91,547
luis-leon-sanchez,92,545
ben-hermans,93,542
brent-bookwalter,94,539
julien-simon,95,539
mattia-cattaneo,96,539
johan-esteban-chaves,97,538
zdenek-stybar,98,537
yves-lampaert,99,532
sylvain-chavanel,100,532
alejandro-valverde,1,2915
peter-sagan,2,2398
elia-viviani,3,2237
julian-alaphilippe,4,2064
simon-yates,5,1912
tom-dumoulin,6,1767
thibaut-pinot,7,1757
primoz-roglic,8,1666
geraint-thomas,9,1658
romain-bardet,10,1618
greg-van-avermaet,11,1588
miguel-angel-lopez,12,1568
tim-wellens,13,1496
michal-kwiatkowski,14,1465
michael-matthews,15,1441
arnaud-demare,16,1406
alexander-kristoff,17,1398
christopher-froome,18,1394
nairo-quintana,19,1294
ion-izagirre,20,1269
sonny-colbrelli,21,1266
pascal-ackermann,22,1244
jasper-stuyven,23,1236
egan-bernal,24,1204
domenico-pozzovivo,25,1192
bauke-mollema,26,1167
niki-terpstra,27,1149
steven-kruijswijk,28,1128
michael-valgren-andersen,29,1103
jakob-fuglsang,30,1097
rohan-dennis,31,1051
oliver-naesen,32,1013
rigoberto-uran,33,1009
gianni-moscon,34,1007
dan-martin,35,997
bob-jungels,36,996
john-degenkolb,37,992
dylan-teuns,38,991
philippe-gilbert,39,966
dylan-groenewegen,40,963
adam-yates,41,958
tiesj-benoot,42,957
george-bennett,43,946
rafal-majka,44,944
matej-mohoric,45,941
daryl-impey,46,927
sam-bennett,47,896
diego-ulissi,48,896
enric-mas,49,896
eduard-prades,50,884
michael-woods,51,876
christophe-laporte,52,868
mikel-landa,53,866
richard-carapaz,54,845
pierre-latour,55,834
timothy-dupont,56,829
davide-formolo,57,820
yves-lampaert,58,815
emanuel-buchmann,59,812
maximilian-schachmann,60,809
luis-leon-sanchez,61,807
patrick-konrad,62,806
andrea-pasqualon,63,805
wilco-kelderman,64,795
danny-van-poppel,65,787
richie-porte,66,776
vincenzo-nibali,67,767
caleb-ewan,68,764
andre-greipel,69,754
gorka-izagirre,70,750
sam-oomen,71,749
fabio-jakobsen,72,743
damiano-caruso,73,739
marc-soler,74,732
aleksey-lutsenko,75,713
edvald-boasson-hagen,76,706
fernando-gaviria,77,699
zdenek-stybar,78,678
soren-kragh-andersen,79,645
mads-pedersen,80,642
magnus-cort-nielsen,81,629
hugo-hofstetter,82,619
rui-costa,83,602
tejay-van-garderen,84,600
manuel-belletti,85,599
matteo-trentin,86,593
alvaro-jose-hodeg,87,593
pello-bilbao,88,589
ilnur-zakarin,89,578
roman-kreuziger,90,571
ivan-ramiro-sosa,91,560
wout-poels,92,560
david-de-la-cruz,93,559
lilian-calmejane,94,555
wout-van-aert,95,551
toms-skujins,96,549
sep-vanmarcke,97,549
sergei-chernetski,98,548
giacomo-nizzolo,99,544
tony-gallopin,100,542
primoz-roglic,1,2818
alejandro-valverde,2,2291
julian-alaphilippe,3,2260
jakob-fuglsang,4,2143
egan-bernal,5,1991
elia-viviani,6,1928
pascal-ackermann,7,1912
greg-van-avermaet,8,1829
caleb-ewan,9,1663
peter-sagan,10,1647
alexander-kristoff,11,1622
matteo-trentin,12,1605
tadej-pogacar,13,1515
emanuel-buchmann,14,1378
dylan-groenewegen,15,1351
mathieu-van-der-poel,16,1337
oliver-naesen,17,1332
bauke-mollema,18,1328
sam-bennett,19,1307
adam-yates,20,1306
nairo-quintana,21,1292
aleksey-lutsenko,22,1287
mike-teunissen,23,1250
diego-ulissi,24,1246
tim-wellens,25,1206
miguel-angel-lopez,26,1112
michael-matthews,27,1102
michael-woods,28,1100
maximilian-schachmann,29,1054
tiesj-benoot,30,1047
sergio-higuita,31,1022
guillaume-martin,32,1009
mikel-landa,33,998
richard-carapaz,34,986
vincenzo-nibali,35,972
rafal-majka,36,970
yves-lampaert,37,961
thibaut-pinot,38,959
zdenek-stybar,39,953
enric-mas,40,936
ion-izagirre,41,933
sonny-colbrelli,42,928
jasper-stuyven,43,928
daryl-impey,44,920
remco-evenepoel,45,916
felix-grossschartner,46,913
steven-kruijswijk,47,903
philippe-gilbert,48,903
dylan-teuns,49,886
david-gaudu,50,874
wout-poels,51,869
geraint-thomas,52,865
wout-van-aert,53,852
fernando-gaviria,54,849
arnaud-demare,55,843
jesus-herrada-lopez,56,831
stefan-kung,57,826
bryan-coquard,58,823
romain-bardet,59,810
pavel-sivakov,60,808
luis-leon-sanchez,61,799
rui-costa,62,798
kasper-asgreen,63,788
fabio-jakobsen,64,773
rohan-dennis,65,773
jasper-philipsen,66,772
dan-martin,67,745
richie-porte,68,737
amund-grondahl-jansen,69,727
davide-formolo,70,724
nils-politt,71,718
timothy-dupont,72,717
marc-sarreau,73,712
anthony-turgis,74,709
simon-yates,75,704
simon-clarke,76,704
baptiste-planckaert,77,703
alberto-bettiol,78,679
christophe-laporte,79,664
benoit-cosnefroy,80,662
giulio-ciccone,81,658
jack-haig,82,658
giovanni-visconti,83,644
andrea-vendrame,84,639
michal-kwiatkowski,85,635
laurens-de-plus,86,616
john-degenkolb,87,613
patrick-konrad,88,608
tom-van-asbroeck,89,608
warren-barguil,90,606
fausto-masnada,91,596
bob-jungels,92,593
ben-hermans,93,590
lilian-calmejane,94,585
giacomo-nizzolo,95,581
sep-vanmarcke,96,578
davide-cimolai,97,577
pello-bilbao,98,573
daniel-felipe-martinez,99,572
cees-bol,100,569
primoz-roglic,1,2431
tadej-pogacar,2,2063
wout-van-aert,3,1834
jakob-fuglsang,4,1329
diego-ulissi,5,1181
guillaume-martin,6,1165
arnaud-demare,7,1147
mathieu-van-der-poel,8,1136
richie-porte,9,1135
julian-alaphilippe,10,1119
richard-carapaz,11,1113
sam-bennett,12,1086
aleksandr-vlasov,13,1023
pascal-ackermann,14,964
wilco-kelderman,15,942
maximilian-schachmann,16,923
peter-sagan,17,899
remco-evenepoel,18,898
marc-hirschi,19,891
joao-almeida,20,875
caleb-ewan,21,865
alejandro-valverde,22,842
tao-geoghegan-hart,23,799
filippo-ganna,24,797
jai-hindley,25,790
dan-martin,26,787
soren-kragh-andersen,27,786
mads-pedersen,28,775
vincenzo-nibali,29,764
mikel-landa,30,763
george-bennett,31,748
nairo-quintana,32,747
florian-senechal,33,735
rafal-majka,34,726
miguel-angel-lopez,35,720
enric-mas,36,719
yves-lampaert,37,702
adam-yates,38,690
warren-barguil,39,671
simon-yates,40,665
daniel-felipe-martinez,41,664
giacomo-nizzolo,42,659
michael-matthews,43,656
pello-bilbao,44,646
michael-woods,45,641
jasper-philipsen,46,636
jasper-stuyven,47,634
michal-kwiatkowski,48,632
stefan-kung,49,628
benoit-cosnefroy,50,624
tom-dumoulin,51,615
thibaut-pinot,52,600
sepp-kuss,53,570
patrick-konrad,54,568
david-gaudu,55,562
hugh-carthy,56,554
greg-van-avermaet,57,553
alexander-kristoff,58,551
lennard-kamna,59,539
nacer-bouhanni,60,538
marc-soler,61,534
luka-mezgec,62,517
tiesj-benoot,63,516
aleksey-lutsenko,64,496
tim-merlier,65,487
simon-geschke,66,484
tim-wellens,67,461
rohan-dennis,68,452
felix-grossschartner,69,437
andrea-vendrame,70,435
kasper-asgreen,71,431
rui-costa,72,430
fausto-masnada,73,427
damiano-caruso,74,420
sergio-higuita,75,417
pavel-sivakov,76,416
egan-bernal,77,416
wout-poels,78,415
gorka-izagirre,79,415
matteo-trentin,80,414
brandon-mcnulty,81,413
alberto-bettiol,82,409
dylan-teuns,83,401
geraint-thomas,84,398
john-degenkolb,85,395
fernando-gaviria,86,395
oliver-naesen,87,389
dries-devenyns,88,388
dylan-van-baarle,89,373
jack-haig,90,368
johan-esteban-chaves,91,368
dion-smith,92,365
david-de-la-cruz,93,365
valentin-madouas,94,364
josef-cerny,95,363
jesus-herrada-lopez,96,361
daryl-impey,97,358
andrea-pasqualon,98,358
elia-viviani,99,356
rigoberto-uran,100,352
tadej-pogacar,1,3305.0
wout-van-aert,2,2812.8
primoz-roglic,3,2564.0
julian-alaphilippe,4,1965.0
joao-almeida,5,1714.0
sonny-colbrelli,6,1652.0
jasper-philipsen,7,1564.0
egan-bernal,8,1525.0
adam-yates,9,1500.0
mathieu-van-der-poel,10,1488.0
david-gaudu,11,1346.0
alejandro-valverde,12,1328.0
matej-mohoric,13,1324.0
jonas-vingegaard-rasmussen,14,1312.0
richard-carapaz,15,1306.0
michael-woods,16,1217.0
remco-evenepoel,17,1200.0
bauke-mollema,18,1170.0
tim-merlier,19,1164.0
kasper-asgreen,20,1161.0
enric-mas,21,1139.0
mark-cavendish,22,1112.2
jasper-stuyven,23,1096.0
stefan-kung,24,1072.0
giacomo-nizzolo,25,1068.0
ethan-hayter,26,1028.8
christophe-laporte,27,996.0
danny-van-poppel,28,946.0
matteo-trentin,29,923.0
michael-matthews,30,921.0
arnaud-demare,31,908.0
simon-yates,32,907.0
damiano-caruso,33,905.0
diego-ulissi,34,890.0
peter-sagan,35,881.0
guillaume-martin,36,875.0
ben-o-connor,37,863.0
mikkel-honore,38,847.2
maximilian-schachmann,39,846.0
dylan-van-baarle,40,845.0
aleksandr-vlasov,41,845.0
aleksey-lutsenko,42,844.0
romain-bardet,43,842.0
wilco-kelderman,44,819.0
florian-senechal,45,807.0
geraint-thomas,46,805.0
ion-izagirre,47,792.0
pascal-ackermann,48,785.0
richie-porte,49,784.5
pello-bilbao,50,779.0
mattia-cattaneo,51,769.0
jack-haig,52,761.0
nairo-quintana,53,743.0
elia-viviani,54,707.0
johan-esteban-chaves,55,701.0
rigoberto-uran,56,700.0
fabio-jakobsen,57,700.0
thomas-pidcock,58,695.0
benoit-cosnefroy,59,690.0
filippo-ganna,60,686.0
aurelien-paret-peintre,61,674.0
ben-hermans,62,663.4
tim-wellens,63,648.0
yves-lampaert,64,647.0
mads-pedersen,65,645.0
patrick-konrad,66,633.0
sam-bennett,67,630.0
sepp-kuss,68,628.0
neilson-powless,69,626.0
magnus-cort-nielsen,70,625.0
fausto-masnada,71,621.0
alexander-kristoff,72,618.0
alex-aranburu,73,616.0
dylan-teuns,74,616.0
miguel-angel-lopez,75,609.0
nils-politt,76,607.0
caleb-ewan,77,596.0
dan-martin,78,590.0
greg-van-avermaet,79,583.0
dorian-godon,80,580.0
marc-hirschi,81,567.0
mikel-landa,82,560.0
tiesj-benoot,83,559.0
gino-mader,84,557.0
michal-kwiatkowski,85,549.5
michael-valgren-andersen,86,546.0
anthony-turgis,87,532.0
hugh-carthy,88,532.0
franck-bonnamour,89,532.0
warren-barguil,90,529.0
connor-swift,91,526.0
valentin-madouas,92,525.0
gianni-vermeersch,93,524.0
jesus-herrada-lopez,94,522.0
jordi-meeus,95,522.0
gianni-moscon,96,521.0
nacer-bouhanni,97,520.0
alessandro-covi,98,513.0
tosh-van-der-sande,99,511.0
sergio-higuita,100,506.0
tadej-pogacar,1,3413.0
wout-van-aert,2,2862.0
remco-evenepoel,3,2733.0
jonas-vingegaard-rasmussen,4,2039.0
aleksandr-vlasov,5,1715.0
mads-pedersen,6,1500.0
jasper-philipsen,7,1490.0
pello-bilbao,8,1432.0
alexander-kristoff,9,1410.0
alejandro-valverde,10,1406.0
arnaud-demare,11,1359.0
stefan-kung,12,1332.7
arnaud-de-lie,13,1328.0
daniel-felipe-martinez,14,1279.0
enric-mas,15,1248.0
christophe-laporte,16,1237.0
mathieu-van-der-poel,17,1233.5
sergio-higuita,18,1232.0
jai-hindley,19,1206.0
primoz-roglic,20,1205.0
richard-carapaz,21,1204.0
michael-matthews,22,1162.7
adam-yates,23,1132.0
biniam-girmay,24,1103.0
thymen-arensman,25,1053.0
ethan-hayter,26,1007.0
carlos-rodriguez-cano,27,1006.0
guillaume-martin,28,1005.0
benoit-cosnefroy,29,1001.0
dylan-groenewegen,30,1000.0
geraint-thomas,31,985.0
romain-bardet,32,977.0
joao-almeida,33,971.0
olav-kooij,34,970.0
juan-ayuso-pesquera,35,959.0
tim-merlier,36,951.0
dylan-teuns,37,939.0
valentin-madouas,38,936.0
matej-mohoric,39,931.0
louis-meintjes,40,909.0
neilson-powless,41,897.0
mattias-skjelmose-jensen,42,890.0
hugo-hofstetter,43,889.0
ben-o-connor,44,878.0
simon-yates,45,866.0
fabio-jakobsen,46,854.0
david-gaudu,47,853.0
lorenzo-rota,48,818.0
mikel-landa,49,790.0
brandon-mcnulty,50,789.0
matteo-trentin,51,770.0
warren-barguil,52,766.0
diego-ulissi,53,758.0
danny-van-poppel,54,754.0
thibaut-pinot,55,736.0
benjamin-thomas-2,56,736.0
dylan-van-baarle,57,730.0
thomas-pidcock,58,718.0
sam-bennett,59,716.0
nairo-quintana,60,683.0
quinten-hermans,61,669.0
caleb-ewan,62,665.0
amaury-capiot,63,658.0
luca-mozzato,64,658.0
damiano-caruso,65,654.0
bauke-mollema,66,649.5
miguel-angel-lopez,67,647.0
julien-simon,68,642.0
marc-hirschi,69,631.0
simone-consonni,70,617.0
axel-zingle,71,615.0
rigoberto-uran,72,612.0
mauro-schmid,73,608.7
dries-van-gestel,74,592.0
jesus-herrada-lopez,75,589.0
pavel-sivakov,76,583.0
bryan-coquard,77,578.0
alberto-bettiol,78,575.0
jan-hirt,79,575.0
greg-van-avermaet,80,574.0
mark-cavendish,81,571.0
tim-wellens,82,568.0
magnus-sheffield,83,566.0
matis-louvel,84,564.0
domenico-pozzovivo,85,558.0
ivan-garcia-cortina,86,551.0
ruben-guerreiro,87,550.0
kevin-vauquelin,88,549.0
bob-jungels,89,546.0
alfred-wright,90,545.0
alex-aranburu,91,545.0
aleksey-lutsenko,92,544.0
ion-izagirre,93,544.0
michael-woods,94,539.0
tiesj-benoot,95,534.0
hugo-houle,96,531.0
giacomo-nizzolo,97,527.0
ivan-ramiro-sosa,98,526.0
vincenzo-albanese,99,521.0
phil-bauhaus,100,517.0
